AS번호,접수일시,처리상태,처리완료일,주문번호,고객명,고객연락처,제품명,문제유형,증상설명,처리내용,처리결과,배송비,수리비,부품비,총비용,메모
cmkw95omt0eg3o40s3bopr3ik,2026-01-27T07:05:56.213Z,AS,,,,,?4,POWER,"","",,0,0,0,0,""
cmkvvhrtl0efyo40sdjk5scwh,2026-01-27T00:43:25.594Z,AS,,,,,?4,SENSOR,"","",,0,0,0,0,""
cmkuui6xu0db2o40sd84opgkk,2026-01-26T07:27:59.395Z,AS,,,,,?4,OTHER,"","",,0,0,0,0,""
cmkugbw2h022vo40sramyzty3,2026-01-26T00:51:10.745Z,AS,,,,,?1+1,NOISE,"","",,0,0,0,0,""
cmkug2s8b022so40sb0isatsy,2026-01-26T00:44:05.868Z,AS,,,,,?1+1,OTHER,"","",,0,0,0,0,""
cmkug1h8j022po40slyczbr52,2026-01-26T00:43:04.964Z,IN_PROGRESS,,,,,??4,OTHER,"","",,0,0,0,0,""
cmkqiqfzz0222o40sjdpar3wo,2026-01-23T06:47:24.287Z,AS,,,,,??3,NOISE,"","",,0,0,0,0,""
cmkq4w7dj021zo40su79pdn09,2026-01-23T00:19:58.424Z,EXCHANGE,,,,,??1+1,ODOR,"","",,0,0,0,0,""
cmkp09bz2021wo40skiuiv4re,2026-01-22T05:22:26.655Z,AS,,,,,?4,OTHER,"","",,0,0,0,0,""
cmkp08bg9021to40s4zdjo0pn,2026-01-22T05:21:39.321Z,AS,,,,,?4,OTHER,"","",,0,0,0,0,""
cmkoxwogf021ro40sj08f0czt,2026-01-22T04:16:37.072Z,AS,,,,,?4,OTHER,"","",,0,0,0,0,""
cmkoxvuly021oo40sn7nqmpqa,2026-01-22T04:15:58.390Z,AS,,,,,?4,OTHER,"","",,0,0,0,0,""
cmknce15o020oo40sy1m60ijs,2026-01-21T01:26:28.956Z,AS,,,,,?4,POWER,"","",,0,0,0,0,""
cmkncd2r3020lo40sxb92uatq,2026-01-21T01:25:44.367Z,AS,,,,,??4,OTHER,"","",,0,0,0,0,""
cmknao6g9020io40sxo5jhemf,2026-01-21T00:38:23.145Z,AS,,,,,??4,PERFORMANCE,"","",,0,0,0,0,""
cmkm9p02601yao40s8tm2zt6p,2026-01-20T07:23:15.727Z,AS,,,,,?4,OTHER,"","",,0,0,0,0,""
cmkm9p02101y8o40sxpmi38qf,2026-01-20T07:23:15.721Z,AS,,,,,?,OTHER,"","",,0,0,0,0,""
cmkm9p01w01y6o40sc4pw9msb,2026-01-20T07:23:15.716Z,AS,,,,,?2,OTHER,"","",,0,0,0,0,""
cmkm9p01r01y4o40sx8vnsw75,2026-01-20T07:23:15.711Z,AS,,,,,?4,OTHER,"","",,0,0,0,0,""
cmkm9p01l01y2o40sqhucci83,2026-01-20T07:23:15.706Z,AS,,,,,?,OTHER,"","",,0,0,0,0,""
cmkm9p01g01y0o40stftg9zsw,2026-01-20T07:23:15.700Z,AS,,,,,?4,OTHER,"","",,0,0,0,0,""
cmkm9p01a01xyo40sqjcz52p7,2026-01-20T07:23:15.694Z,AS,,,,,?4,OTHER,"","",,0,0,0,0,""
cmkm9p01501xwo40s4gav2z8y,2026-01-20T07:23:15.689Z,AS,,,,,?2 ?+?,OTHER,"","",,0,0,0,0,""
cmkm9p00z01xuo40s9mnjbifg,2026-01-20T07:23:15.684Z,AS,,,,,?4,OTHER,"","",,0,0,0,0,""
cmkm9p00u01xso40sfi3h90p2,2026-01-20T07:23:15.678Z,AS,,,,,?,OTHER,"","",,0,0,0,0,""
cmkm9p00p01xqo40s6p8dhprq,2026-01-20T07:23:15.673Z,AS,,,,,?,OTHER,"","",,0,0,0,0,""
cmkm9p00l01xoo40sb0ssq1ms,2026-01-20T07:23:15.669Z,AS,,,,,?4,OTHER,"","",,0,0,0,0,""
cmkm9p00g01xmo40sqtwrpaul,2026-01-20T07:23:15.664Z,AS,,,,,?4,OTHER,"","",,0,0,0,0,""
cmkm9p00c01xko40sh3qpexax,2026-01-20T07:23:15.660Z,AS,,,,,?4,OTHER,"","",,0,0,0,0,""
cmkm9p00701xio40sxr84kmfs,2026-01-20T07:23:15.655Z,AS,,,,,?,OTHER,"","",,0,0,0,0,""
cmkm9p00101xgo40s37bd4agg,2026-01-20T07:23:15.650Z,AS,,,,,?4,OTHER,"","",,0,0,0,0,""
cmkm9ozzv01xeo40syy3zpyns,2026-01-20T07:23:15.644Z,AS,,,,,?4,OTHER,"","",,0,0,0,0,""
cmkm9ozzr01xco40su8vq1zn7,2026-01-20T07:23:15.639Z,AS,,,,,?4,OTHER,"","",,0,0,0,0,""
cmkm9ozzl01xao40ssp1p1p3s,2026-01-20T07:23:15.634Z,AS,,,,,?,OTHER,"","",,0,0,0,0,""
cmkm9ozzg01x8o40sx7psipqp,2026-01-20T07:23:15.628Z,AS,,,,,?4,OTHER,"","",,0,0,0,0,""
cmkm9ozzb01x6o40sak7dudup,2026-01-20T07:23:15.623Z,AS,,,,,?,OTHER,"","",,0,0,0,0,""
cmkm9ozz401x4o40sze4lpnby,2026-01-20T07:23:15.616Z,AS,,,,,?,OTHER,"","",,0,0,0,0,""
cmkm9ozyz01x2o40sge5juzf8,2026-01-20T07:23:15.611Z,EXCHANGE,,,,,?4,OTHER,"","",,0,0,0,0,""
cmkm9ozyt01x0o40skat7ud0b,2026-01-20T07:23:15.606Z,AS,,,,,????,OTHER,"","",,0,0,0,0,""
cmkm9ozyo01wyo40s9ggacpjr,2026-01-20T07:23:15.600Z,AS,,,,,?(?)1+1,OTHER,"","",,0,0,0,0,""
cmkm9ozyh01wwo40shzkbk6is,2026-01-20T07:23:15.594Z,AS,,,,,?4,OTHER,"","",,0,0,0,0,""
cmkm8v0pn01vxo40sk8qt1kj4,2026-01-20T06:59:56.891Z,AS,,,,,?4,OTHER,"","",,0,0,0,0,""
cmkm88thi01vto40sy2tbms8g,2026-01-20T06:42:41.095Z,IN_PROGRESS,,,,,?,OTHER,"","",,0,0,0,0,""
cmkm88tha01vro40sj5ycxx4t,2026-01-20T06:42:41.087Z,AS,,,,,??,OTHER,"","",,0,0,0,0,""
cmkm88th201vpo40sau42c9nc,2026-01-20T06:42:41.079Z,AS,,,,,?4,OTHER,"","",,0,0,0,0,""
cmkm88tgy01vno40sg20ydyjh,2026-01-20T06:42:41.075Z,AS,,,,,?3,OTHER,"","",,0,0,0,0,""
cmkm88tgu01vlo40s9fei4ewt,2026-01-20T06:42:41.070Z,AS,,,,,?4,OTHER,"","",,0,0,0,0,""
cmkm88tgm01vjo40sjwsof50x,2026-01-20T06:42:41.063Z,AS,,,,,?4,OTHER,"","",,0,0,0,0,""
cmkm88tgi01vho40sv7r14rtf,2026-01-20T06:42:41.059Z,AS,,,,,?4,OTHER,"","",,0,0,0,0,""
cmkm88tg901vfo40s8qyx4svd,2026-01-20T06:42:41.049Z,AS,,,,,?4,OTHER,"","",,0,0,0,0,""
cmkm88tg501vdo40s75xs56c8,2026-01-20T06:42:41.045Z,AS,,,,,?4,OTHER,"","",,0,0,0,0,""
cmkm88tfz01vbo40sb97alsdk,2026-01-20T06:42:41.040Z,AS,,,,,?4,OTHER,"","",,0,0,0,0,""
cmkm5lc0i01s1o40s9wtgghew,2026-01-20T05:28:26.130Z,AS,,,,,?4,OTHER,"","",,0,0,0,0,""
cmkm5lc0e01rzo40sssfi2f6r,2026-01-20T05:28:26.127Z,AS,,,,,?4,OTHER,"","",,0,0,0,0,""
cmkm5lc0901rxo40smllniuv2,2026-01-20T05:28:26.121Z,AS,,,,,?,OTHER,"","",,0,0,0,0,""
cmkm5lc0501rvo40s3k6ktr60,2026-01-20T05:28:26.117Z,AS,,,,,?4,OTHER,"","",,0,0,0,0,""
cmkm5lc0101rto40s4sbqr1l3,2026-01-20T05:28:26.113Z,AS,,,,,?4,OTHER,"","",,0,0,0,0,""
cmkm5lbzy01rro40s1n7tj3gg,2026-01-20T05:28:26.110Z,AS,,,,,?4,OTHER,"","",,0,0,0,0,""
cmkm5lbzu01rpo40skhsoc1qd,2026-01-20T05:28:26.106Z,AS,,,,,?,OTHER,"","",,0,0,0,0,""
cmkm5lbzq01rno40shey2bld9,2026-01-20T05:28:26.103Z,AS,,,,,?4,OTHER,"","",,0,0,0,0,""
cmkm5lbzn01rlo40s9969s6rc,2026-01-20T05:28:26.099Z,AS,,,,,?4,OTHER,"","",,0,0,0,0,""
cmkm5lbzj01rjo40s2nuiysf4,2026-01-20T05:28:26.096Z,AS,,,,,?,OTHER,"","",,0,0,0,0,""
cmkm5lbzf01rho40s37ty5grv,2026-01-20T05:28:26.092Z,AS,,,,,?4,OTHER,"","",,0,0,0,0,""
cmkm5lbzc01rfo40s6mc6mkfm,2026-01-20T05:28:26.088Z,AS,,,,,?4,OTHER,"","",,0,0,0,0,""
cmkm5lbz801rdo40sn3nah0bf,2026-01-20T05:28:26.085Z,AS,,,,,?4,OTHER,"","",,0,0,0,0,""
cmkm5lbz501rbo40sujyfh5yq,2026-01-20T05:28:26.082Z,AS,,,,,?,OTHER,"","",,0,0,0,0,""
cmkm5lbz201r9o40skiebzg9c,2026-01-20T05:28:26.078Z,AS,,,,,?,OTHER,"","",,0,0,0,0,""
cmkm5lbyy01r7o40s2enstj2y,2026-01-20T05:28:26.074Z,AS,,,,,?3,OTHER,"","",,0,0,0,0,""
cmkm5lbyv01r5o40samiitt23,2026-01-20T05:28:26.071Z,AS,,,,,?,OTHER,"","",,0,0,0,0,""
cmkm5lbyr01r3o40sh7r40k5z,2026-01-20T05:28:26.068Z,AS,,,,,?4,OTHER,"","",,0,0,0,0,""
cmkm5lbyo01r1o40sja924q54,2026-01-20T05:28:26.064Z,AS,,,,,?3,OTHER,"","",,0,0,0,0,""
cmkm5lbyj01qzo40smah9lii3,2026-01-20T05:28:26.060Z,AS,,,,,?3(????X),OTHER,"","",,0,0,0,0,""
cmkm5lbyf01qxo40s5fespalb,2026-01-20T05:28:26.056Z,AS,,,,,?2 ?(?),OTHER,"","",,0,0,0,0,""
cmkm5lbyc01qvo40sof4c8kcg,2026-01-20T05:28:26.052Z,EXCHANGE,,,,,?,OTHER,"","",,0,0,0,0,""
cmkm5lby901qto40sqvmpsn77,2026-01-20T05:28:26.049Z,AS,,,,,?4,OTHER,"","",,0,0,0,0,""
cmkm5lby501qro40ska4auitq,2026-01-20T05:28:26.046Z,AS,,,,,?3,OTHER,"","",,0,0,0,0,""
cmkm5lby201qpo40s5sgask0i,2026-01-20T05:28:26.042Z,AS,,,,,?4,OTHER,"","",,0,0,0,0,""
cmkm5lbxz01qno40smh2w0scg,2026-01-20T05:28:26.039Z,AS,,,,,?4,OTHER,"","",,0,0,0,0,""
cmkm5lbxv01qlo40sde1aqswq,2026-01-20T05:28:26.036Z,AS,,,,,?4,OTHER,"","",,0,0,0,0,""
cmkm5lbxs01qjo40se6cgajcp,2026-01-20T05:28:26.032Z,AS,,,,,?4,OTHER,"","",,0,0,0,0,""
cmkm5lbxo01qho40sl7c6g8jx,2026-01-20T05:28:26.028Z,EXCHANGE,,,,,?4,OTHER,"","",,0,0,0,0,""
cmkm5lbxl01qfo40saibwr2ih,2026-01-20T05:28:26.025Z,AS,,,,,?4,OTHER,"","",,0,0,0,0,""
cmkm5lbxh01qdo40sigeiq5sy,2026-01-20T05:28:26.022Z,EXCHANGE,,,,,?4,OTHER,"","",,0,0,0,0,""
cmkm5lbxe01qbo40slekp5chu,2026-01-20T05:28:26.018Z,AS,,,,,?3(?),OTHER,"","",,0,0,0,0,""
cmkm5lbxb01q9o40sbjejtl5y,2026-01-20T05:28:26.015Z,AS,,,,,?4,OTHER,"","",,0,0,0,0,""
cmkm5lbx701q7o40sxbe07fsh,2026-01-20T05:28:26.011Z,AS,,,,,?,OTHER,"","",,0,0,0,0,""
cmkm5lbx301q5o40s09wj116g,2026-01-20T05:28:26.008Z,AS,,,,,?4,OTHER,"","",,0,0,0,0,""
cmkm5lbx001q3o40sey8wwi0j,2026-01-20T05:28:26.004Z,EXCHANGE,,,,,?4,OTHER,"","",,0,0,0,0,""
cmkm5lbww01q1o40sm1fy7qat,2026-01-20T05:28:26.000Z,AS,,,,,?4,OTHER,"","",,0,0,0,0,""
cmkm5lbws01pzo40sxbgkoi9c,2026-01-20T05:28:25.996Z,AS,,,,,?4,OTHER,"","",,0,0,0,0,""
cmkm5lbwp01pxo40swn4jx7rs,2026-01-20T05:28:25.993Z,AS,,,,,?4,OTHER,"","",,0,0,0,0,""
cmkm5lbwl01pvo40sh0tk0jd3,2026-01-20T05:28:25.990Z,AS,,,,,?4,OTHER,"","",,0,0,0,0,""
cmkm5lbwi01pto40sowbzmf9x,2026-01-20T05:28:25.986Z,AS,,,,,,OTHER,"","",,0,0,0,0,""
cmkm5lbwe01pro40sp30jru1e,2026-01-20T05:28:25.983Z,AS,,,,,?4,OTHER,"","",,0,0,0,0,""
cmkm5lbwb01ppo40ssutrs45e,2026-01-20T05:28:25.979Z,AS,,,,,?4,OTHER,"","",,0,0,0,0,""
cmkm5lbw801pno40si75mkbcq,2026-01-20T05:28:25.976Z,AS,,,,,?4,OTHER,"","",,0,0,0,0,""
cmkm5lbw401plo40sc4pq9zjd,2026-01-20T05:28:25.973Z,AS,,,,,?4,OTHER,"","",,0,0,0,0,""
cmkm5lbw001pjo40s5r1pm5zd,2026-01-20T05:28:25.969Z,AS,,,,,?2,OTHER,"","",,0,0,0,0,""
cmkm5lbvw01pho40s59xvgda6,2026-01-20T05:28:25.965Z,AS,,,,,?4,OTHER,"","",,0,0,0,0,""
cmkm5lbvt01pfo40swd5ncfdt,2026-01-20T05:28:25.961Z,AS,,,,,?4,OTHER,"","",,0,0,0,0,""
cmkm5lbvp01pdo40sxzllbafz,2026-01-20T05:28:25.957Z,AS,,,,,?4,OTHER,"","",,0,0,0,0,""
cmkm5lbvk01pbo40s68h86f67,2026-01-20T05:28:25.953Z,AS,,,,,?4,OTHER,"","",,0,0,0,0,""
cmkm5lbvh01p9o40srn2864e3,2026-01-20T05:28:25.949Z,AS,,,,,?4,OTHER,"","",,0,0,0,0,""
cmkm5lbvd01p7o40s1yxyimnt,2026-01-20T05:28:25.946Z,AS,,,,,?4,OTHER,"","",,0,0,0,0,""
cmkm5lbva01p5o40s4x1rqipb,2026-01-20T05:28:25.942Z,AS,,,,,?,OTHER,"","",,0,0,0,0,""
cmkm5lbv601p3o40sdy5dgu6h,2026-01-20T05:28:25.938Z,AS,,,,,?4,OTHER,"","",,0,0,0,0,""
cmkm5lbv201p1o40sx8yg8a6v,2026-01-20T05:28:25.934Z,AS,,,,,,OTHER,"","",,0,0,0,0,""
cmkm5lbuy01ozo40slfgnm82z,2026-01-20T05:28:25.931Z,AS,,,,,?3,OTHER,"","",,0,0,0,0,""
cmkm5lbuv01oxo40sq5fokamw,2026-01-20T05:28:25.927Z,AS,,,,,?,OTHER,"","",,0,0,0,0,""
cmkm5lbur01ovo40s43vibjbu,2026-01-20T05:28:25.924Z,AS,,,,,?,OTHER,"","",,0,0,0,0,""
cmkm5lbuo01oto40s8x8x3ayr,2026-01-20T05:28:25.920Z,AS,,,,,?4,OTHER,"","",,0,0,0,0,""
cmkm5lbuk01oro40s9xymel0q,2026-01-20T05:28:25.916Z,AS,,,,,?4,OTHER,"","",,0,0,0,0,""
cmkm5lbuh01opo40slxn0fzsj,2026-01-20T05:28:25.913Z,AS,,,,,?4,OTHER,"","",,0,0,0,0,""
cmkm5lbud01ono40sch4da2sn,2026-01-20T05:28:25.909Z,AS,,,,,?4,OTHER,"","",,0,0,0,0,""
cmkm5lbu901olo40sndfwrlyp,2026-01-20T05:28:25.905Z,AS,,,,,?4,OTHER,"","",,0,0,0,0,""
cmkm5lbu501ojo40sbnipem6v,2026-01-20T05:28:25.902Z,EXCHANGE,,,,,?,OTHER,"","",,0,0,0,0,""
cmkm5lbu201oho40svbx13mag,2026-01-20T05:28:25.898Z,AS,,,,,?4,OTHER,"","",,0,0,0,0,""
cmkm5lbtz01ofo40sn64b5mbz,2026-01-20T05:28:25.895Z,AS,,,,,?4,OTHER,"","",,0,0,0,0,""
cmkm5lbtv01odo40sh6svqhln,2026-01-20T05:28:25.891Z,EXCHANGE,,,,,?4,OTHER,"","",,0,0,0,0,""
cmkm5lbtr01obo40sfcya6cv1,2026-01-20T05:28:25.887Z,AS,,,,,?4,OTHER,"","",,0,0,0,0,""
cmkm5lbtm01o9o40s2jj8wdd7,2026-01-20T05:28:25.883Z,AS,,,,,?4,OTHER,"","",,0,0,0,0,""
cmkm5lbti01o7o40szpg587ex,2026-01-20T05:28:25.879Z,AS,,,,,?,OTHER,"","",,0,0,0,0,""
cmkm5lbtf01o5o40sud0jele6,2026-01-20T05:28:25.875Z,AS,,,,,?4,OTHER,"","",,0,0,0,0,""
cmkm5lbtb01o3o40stsvqc8hc,2026-01-20T05:28:25.872Z,AS,,,,,?1+1,OTHER,"","",,0,0,0,0,""
cmkm5lbt701o1o40s4s498e4l,2026-01-20T05:28:25.868Z,AS,,,,,?,OTHER,"","",,0,0,0,0,""
cmkm5lbt301nzo40sj7zvlf23,2026-01-20T05:28:25.863Z,AS,,,,,?4 2?,OTHER,"","",,0,0,0,0,""
cmkm5lbt001nxo40sry66dyqg,2026-01-20T05:28:25.860Z,AS,,,,,?,OTHER,"","",,0,0,0,0,""
cmkm5lbsw01nvo40s2tlsf5xm,2026-01-20T05:28:25.857Z,AS,,,,,? 2?,OTHER,"","",,0,0,0,0,""
cmkm5lbss01nto40s8cflgtks,2026-01-20T05:28:25.853Z,EXCHANGE,,,,,?4,OTHER,"","",,0,0,0,0,""
cmkm5lbsp01nro40sjykdq26e,2026-01-20T05:28:25.849Z,AS,,,,,?4,OTHER,"","",,0,0,0,0,""
cmkm5lbsl01npo40s1ih55n4l,2026-01-20T05:28:25.846Z,AS,,,,,?4,OTHER,"","",,0,0,0,0,""
cmkm5lbsi01nno40s87zbcp8q,2026-01-20T05:28:25.842Z,AS,,,,,?4,OTHER,"","",,0,0,0,0,""
cmkm5lbse01nlo40sdlts44ah,2026-01-20T05:28:25.839Z,EXCHANGE,,,,,?4,OTHER,"","",,0,0,0,0,""
cmkm5lbsb01njo40sjhisoao4,2026-01-20T05:28:25.835Z,AS,,,,,?,OTHER,"","",,0,0,0,0,""
cmkm5lbs701nho40sdtlzzaje,2026-01-20T05:28:25.832Z,AS,,,,,?4,OTHER,"","",,0,0,0,0,""
cmkm5lbs401nfo40s0ud3km83,2026-01-20T05:28:25.828Z,AS,,,,,?4,OTHER,"","",,0,0,0,0,""
cmkm5lbs001ndo40s5yzklwg4,2026-01-20T05:28:25.824Z,AS,,,,,?4,OTHER,"","",,0,0,0,0,""
cmkm5lbrx01nbo40sb46t7wfu,2026-01-20T05:28:25.821Z,EXCHANGE,,,,,?4,OTHER,"","",,0,0,0,0,""
cmkm5lbrt01n9o40saaxd16h3,2026-01-20T05:28:25.817Z,AS,,,,,3? ??,OTHER,"","",,0,0,0,0,""
cmkm5lbrp01n7o40sap0apvxp,2026-01-20T05:28:25.814Z,AS,,,,,?1+1,OTHER,"","",,0,0,0,0,""
cmkm5lbrm01n5o40s9jo8unn1,2026-01-20T05:28:25.810Z,AS,,,,,?1+1,OTHER,"","",,0,0,0,0,""
cmkm5lbri01n3o40srkm9xyf4,2026-01-20T05:28:25.806Z,EXCHANGE,,,,,?4,OTHER,"","",,0,0,0,0,""
cmkm5lbre01n1o40sjp4h9w26,2026-01-20T05:28:25.803Z,AS,,,,,?4,OTHER,"","",,0,0,0,0,""
cmkm5lbrb01mzo40svz01memv,2026-01-20T05:28:25.799Z,EXCHANGE,,,,,?1+1,OTHER,"","",,0,0,0,0,""
cmkm5lbr701mxo40sj1gi8ss3,2026-01-20T05:28:25.796Z,EXCHANGE,,,,,?4,OTHER,"","",,0,0,0,0,""
cmkm5lbr301mvo40s5p585tsu,2026-01-20T05:28:25.791Z,AS,,,,,?4,OTHER,"","",,0,0,0,0,""
cmkm5lbqz01mto40svzsvdvyt,2026-01-20T05:28:25.788Z,AS,,,,,?4,OTHER,"","",,0,0,0,0,""
cmkm5lbqw01mro40s2rqvsj8h,2026-01-20T05:28:25.784Z,AS,,,,,?,OTHER,"","",,0,0,0,0,""
cmkm5lbqr01mpo40sog39qc0u,2026-01-20T05:28:25.780Z,AS,,,,,?4,OTHER,"","",,0,0,0,0,""
cmkm5lbqo01mno40s99wfcvd4,2026-01-20T05:28:25.776Z,AS,,,,,?4,OTHER,"","",,0,0,0,0,""
cmkm5lbqk01mlo40s2323pycc,2026-01-20T05:28:25.773Z,AS,,,,,?4,OTHER,"","",,0,0,0,0,""
cmkm5lbqh01mjo40s68nwul3x,2026-01-20T05:28:25.769Z,AS,,,,,?,OTHER,"","",,0,0,0,0,""
cmkm5lbqd01mho40sx7uijcn7,2026-01-20T05:28:25.766Z,AS,,,,,?4,OTHER,"","",,0,0,0,0,""
cmkm5lbq901mfo40sllzaokzg,2026-01-20T05:28:25.762Z,AS,,,,,?4,OTHER,"","",,0,0,0,0,""
cmkm5lbq201mdo40sdtkndsnl,2026-01-20T05:28:25.755Z,AS,,,,,?4,OTHER,"","",,0,0,0,0,""
cmkm5lbpz01mbo40s68ir4bv6,2026-01-20T05:28:25.751Z,AS,,,,,?4,OTHER,"","",,0,0,0,0,""
cmkm5lbpv01m9o40s4zrpjkyz,2026-01-20T05:28:25.747Z,AS,,,,,?4,OTHER,"","",,0,0,0,0,""
cmkm5lbpr01m7o40spsb6oor8,2026-01-20T05:28:25.744Z,AS,,,,,?? 2ea,OTHER,"","",,0,0,0,0,""
cmkm5lbpo01m5o40shd1rpyx1,2026-01-20T05:28:25.740Z,AS,,,,,?4,OTHER,"","",,0,0,0,0,""
cmkm5lbpk01m3o40s79zm2ysa,2026-01-20T05:28:25.737Z,AS,,,,,?,OTHER,"","",,0,0,0,0,""
cmkm5lbpg01m1o40s968fpvxt,2026-01-20T05:28:25.733Z,AS,,,,,?4,OTHER,"","",,0,0,0,0,""
cmkm5lbpc01lzo40swnzdospx,2026-01-20T05:28:25.729Z,AS,,,,,?4,OTHER,"","",,0,0,0,0,""
cmkm5lbp801lxo40spyn1yb88,2026-01-20T05:28:25.725Z,AS,,,,,?4,OTHER,"","",,0,0,0,0,""
cmkm5lbp401lvo40sefy7w71y,2026-01-20T05:28:25.721Z,EXCHANGE,,,,,?4,OTHER,"","",,0,0,0,0,""
cmkm5lbp001lto40slx0ao18d,2026-01-20T05:28:25.717Z,AS,,,,,? 1+1,OTHER,"","",,0,0,0,0,""
cmkm5lbox01lro40se2m9s13o,2026-01-20T05:28:25.713Z,AS,,,,,?4,OTHER,"","",,0,0,0,0,""
cmkm5lbot01lpo40s2rq1op1k,2026-01-20T05:28:25.710Z,AS,,,,,?3(?),OTHER,"","",,0,0,0,0,""
cmkm5lbop01lno40sdysdybj1,2026-01-20T05:28:25.706Z,AS,,,,,?4,OTHER,"","",,0,0,0,0,""
cmkm5lbom01llo40s8tvx9s9l,2026-01-20T05:28:25.702Z,AS,,,,,?4,OTHER,"","",,0,0,0,0,""
cmkm5lboi01ljo40s6npjidhg,2026-01-20T05:28:25.698Z,AS,,,,,?4,OTHER,"","",,0,0,0,0,""
cmkm5lboe01lho40sqxgg61ud,2026-01-20T05:28:25.694Z,AS,,,,,?4,OTHER,"","",,0,0,0,0,""
cmkm5lboa01lfo40saf60do65,2026-01-20T05:28:25.691Z,AS,,,,,?,OTHER,"","",,0,0,0,0,""
cmkm5lbo701ldo40sdhjf0p4w,2026-01-20T05:28:25.687Z,AS,,,,,?4,OTHER,"","",,0,0,0,0,""
cmkm5lbo301lbo40shfi88008,2026-01-20T05:28:25.684Z,AS,,,,,?4,OTHER,"","",,0,0,0,0,""
cmkm5lbo001l9o40sa08zgt25,2026-01-20T05:28:25.680Z,AS,,,,,?4,OTHER,"","",,0,0,0,0,""
cmkm5lbnw01l7o40so0qbsvd0,2026-01-20T05:28:25.677Z,EXCHANGE,,,,,?4,OTHER,"","",,0,0,0,0,""
cmkm5lbnt01l5o40s3bytpfik,2026-01-20T05:28:25.673Z,AS,,,,,?4,OTHER,"","",,0,0,0,0,""
cmkm5lbnp01l3o40srpuvv47l,2026-01-20T05:28:25.669Z,AS,,,,,?4,OTHER,"","",,0,0,0,0,""
cmkm5lbnm01l1o40s3js5wjhc,2026-01-20T05:28:25.666Z,AS,,,,,?4,OTHER,"","",,0,0,0,0,""
cmkm5lbni01kzo40svmd350u3,2026-01-20T05:28:25.663Z,AS,,,,,?4,OTHER,"","",,0,0,0,0,""
cmkm5lbnf01kxo40sben56y3k,2026-01-20T05:28:25.659Z,AS,,,,,?4,OTHER,"","",,0,0,0,0,""
cmkm5lbna01kvo40suxl37mae,2026-01-20T05:28:25.654Z,AS,,,,,?,OTHER,"","",,0,0,0,0,""
cmkm5lbn701kto40sq1yjqlqx,2026-01-20T05:28:25.651Z,AS,,,,,?3,OTHER,"","",,0,0,0,0,""
cmkm5lbn301kro40sbn10qa7f,2026-01-20T05:28:25.647Z,AS,,,,,?,OTHER,"","",,0,0,0,0,""
cmkm5lbmz01kpo40shwxmxuqq,2026-01-20T05:28:25.644Z,EXCHANGE,,,,,?4,OTHER,"","",,0,0,0,0,""
cmkm5lbmw01kno40smgccoc23,2026-01-20T05:28:25.640Z,AS,,,,,?4,OTHER,"","",,0,0,0,0,""
cmkm5lbms01klo40s97w25p9z,2026-01-20T05:28:25.636Z,AS,,,,,?4,OTHER,"","",,0,0,0,0,""
cmkm5lbmo01kjo40svuirg3u3,2026-01-20T05:28:25.633Z,AS,,,,,?4,OTHER,"","",,0,0,0,0,""
cmkm5lbml01kho40stckdr8c4,2026-01-20T05:28:25.629Z,AS,,,,,?4,OTHER,"","",,0,0,0,0,""
cmkm5lbmh01kfo40sj8egu4fi,2026-01-20T05:28:25.626Z,AS,,,,,?4,OTHER,"","",,0,0,0,0,""
cmkm5lbmd01kdo40s6hjgs2n3,2026-01-20T05:28:25.622Z,EXCHANGE,,,,,?4,OTHER,"","",,0,0,0,0,""
cmkm5lbma01kbo40s8mi6vg1h,2026-01-20T05:28:25.618Z,AS,,,,,?4,OTHER,"","",,0,0,0,0,""
cmkm5lbm601k9o40sb0zhdjtd,2026-01-20T05:28:25.614Z,AS,,,,,?,OTHER,"","",,0,0,0,0,""
cmkm5lbm201k7o40slosvx60q,2026-01-20T05:28:25.610Z,AS,,,,,?,OTHER,"","",,0,0,0,0,""
cmkm5lbly01k5o40s5cmljqqt,2026-01-20T05:28:25.607Z,AS,,,,,?4,OTHER,"","",,0,0,0,0,""
cmkm5lblv01k3o40sjc446yvu,2026-01-20T05:28:25.603Z,AS,,,,,?4,OTHER,"","",,0,0,0,0,""
cmkm5lblr01k1o40sco1tilp4,2026-01-20T05:28:25.600Z,AS,,,,,?4,OTHER,"","",,0,0,0,0,""
cmkm5lbln01jzo40sar39a4ex,2026-01-20T05:28:25.595Z,AS,,,,,?+?,OTHER,"","",,0,0,0,0,""
cmkm5lblj01jxo40saursdpw7,2026-01-20T05:28:25.591Z,AS,,,,,?,OTHER,"","",,0,0,0,0,""
cmkm5lblf01jvo40sdr3bd8qz,2026-01-20T05:28:25.588Z,EXCHANGE,,,,,?4,OTHER,"","",,0,0,0,0,""
cmkm5lblc01jto40seszopym2,2026-01-20T05:28:25.584Z,AS,,,,,?4,OTHER,"","",,0,0,0,0,""
cmkm5lbl801jro40sgedtb7s7,2026-01-20T05:28:25.580Z,AS,,,,,?4,OTHER,"","",,0,0,0,0,""
cmkm5lbl401jpo40szp9w0qyy,2026-01-20T05:28:25.577Z,AS,,,,,?4,OTHER,"","",,0,0,0,0,""
cmkm5lbl101jno40sb11v38y1,2026-01-20T05:28:25.573Z,EXCHANGE,,,,,?4,OTHER,"","",,0,0,0,0,""
cmkm5lbkx01jlo40sajgujecl,2026-01-20T05:28:25.569Z,AS,,,,,?4,OTHER,"","",,0,0,0,0,""
cmkm5lbks01jjo40sdmxz34fe,2026-01-20T05:28:25.564Z,AS,,,,,?4,OTHER,"","",,0,0,0,0,""
cmkm5lbko01jho40s0xzfb30g,2026-01-20T05:28:25.560Z,AS,,,,,?4,OTHER,"","",,0,0,0,0,""
cmkm5lbkk01jfo40sv559qryc,2026-01-20T05:28:25.556Z,AS,,,,,?(?),OTHER,"","",,0,0,0,0,""
cmkm5lbkg01jdo40s6krroe4q,2026-01-20T05:28:25.553Z,AS,,,,,?,OTHER,"","",,0,0,0,0,""
cmkm5lbkc01jbo40srykmrra4,2026-01-20T05:28:25.549Z,AS,,,,,?4,OTHER,"","",,0,0,0,0,""
cmkm5lbk801j9o40stsreayak,2026-01-20T05:28:25.545Z,AS,,,,,?4,OTHER,"","",,0,0,0,0,""
cmkm5lbk501j7o40szls9n1qp,2026-01-20T05:28:25.541Z,AS,,,,,?4,OTHER,"","",,0,0,0,0,""
cmkm5lbk101j5o40sil06j27m,2026-01-20T05:28:25.538Z,AS,,,,,?4,OTHER,"","",,0,0,0,0,""
cmkm5lbjy01j3o40s40xbzxt3,2026-01-20T05:28:25.534Z,AS,,,,,?,OTHER,"","",,0,0,0,0,""
cmkm5lbju01j1o40sq8t93svc,2026-01-20T05:28:25.530Z,AS,,,,,?1+1,OTHER,"","",,0,0,0,0,""
cmkm5lbjq01izo40s4dd0k3be,2026-01-20T05:28:25.527Z,AS,,,,,?1+1,OTHER,"","",,0,0,0,0,""
cmkm5lbjn01ixo40sd4e09cx9,2026-01-20T05:28:25.523Z,AS,,,,,?4,OTHER,"","",,0,0,0,0,""
cmkm5lbjj01ivo40sns3xk3xm,2026-01-20T05:28:25.520Z,AS,,,,,?3,OTHER,"","",,0,0,0,0,""
cmkm5lbjg01ito40s1v2xkz9c,2026-01-20T05:28:25.516Z,AS,,,,,?4,OTHER,"","",,0,0,0,0,""
cmkm5lbjc01iro40sbmo0rmw8,2026-01-20T05:28:25.512Z,AS,,,,,?4,OTHER,"","",,0,0,0,0,""
cmkm5lbj801ipo40sojjnmovt,2026-01-20T05:28:25.509Z,AS,,,,,?1+1,OTHER,"","",,0,0,0,0,""
cmkm5lbj501ino40sh45563t6,2026-01-20T05:28:25.505Z,AS,,,,,?,OTHER,"","",,0,0,0,0,""
cmkm5lbj101ilo40soug9x5pj,2026-01-20T05:28:25.501Z,AS,,,,,?4,OTHER,"","",,0,0,0,0,""
cmkm5lbix01ijo40sonuvkjge,2026-01-20T05:28:25.497Z,AS,,,,,?4,OTHER,"","",,0,0,0,0,""
cmkm5lbit01iho40sb6dn6ij2,2026-01-20T05:28:25.494Z,AS,,,,,?,OTHER,"","",,0,0,0,0,""
cmkm5lbiq01ifo40s7w3s67i4,2026-01-20T05:28:25.490Z,AS,,,,,?4,OTHER,"","",,0,0,0,0,""
cmkm5lbim01ido40ss96iznjt,2026-01-20T05:28:25.486Z,EXCHANGE,,,,,?,OTHER,"","",,0,0,0,0,""
cmkm5lbii01ibo40shbjbb657,2026-01-20T05:28:25.482Z,AS,,,,,?4,OTHER,"","",,0,0,0,0,""
cmkm5lbid01i9o40sp14gdizz,2026-01-20T05:28:25.478Z,AS,,,,,?4,OTHER,"","",,0,0,0,0,""
cmkm5lbi901i7o40s66eqsrm0,2026-01-20T05:28:25.474Z,AS,,,,,?4,OTHER,"","",,0,0,0,0,""
cmkm5lbi601i5o40s3xv2yycl,2026-01-20T05:28:25.470Z,AS,,,,,?3,OTHER,"","",,0,0,0,0,""
cmkm5lbi201i3o40swtilhilh,2026-01-20T05:28:25.467Z,AS,,,,,?,OTHER,"","",,0,0,0,0,""
cmkm5lbhz01i1o40ssl5iepp7,2026-01-20T05:28:25.463Z,AS,,,,,?4,OTHER,"","",,0,0,0,0,""
cmkm5lbhv01hzo40s5z3jsa6y,2026-01-20T05:28:25.460Z,AS,,,,,?4,OTHER,"","",,0,0,0,0,""
cmkm5lbhs01hxo40sia0wac61,2026-01-20T05:28:25.456Z,AS,,,,,?,OTHER,"","",,0,0,0,0,""
cmkm5lbho01hvo40s4cm4cbzd,2026-01-20T05:28:25.452Z,AS,,,,,?4,OTHER,"","",,0,0,0,0,""
cmkm5lbhk01hto40ssumbnvng,2026-01-20T05:28:25.448Z,EXCHANGE,,,,,?4,OTHER,"","",,0,0,0,0,""
cmkm5lbhg01hro40sy9y2f31h,2026-01-20T05:28:25.444Z,AS,,,,,?4,OTHER,"","",,0,0,0,0,""
cmkm5lbhd01hpo40sik9asduc,2026-01-20T05:28:25.441Z,AS,,,,,?4,OTHER,"","",,0,0,0,0,""
cmkm5lbh901hno40s815xffyl,2026-01-20T05:28:25.437Z,AS,,,,,?4,OTHER,"","",,0,0,0,0,""
cmkm5lbh601hlo40ss86zsblm,2026-01-20T05:28:25.434Z,AS,,,,,?,OTHER,"","",,0,0,0,0,""
cmkm5lbh201hjo40s7lp1hbyr,2026-01-20T05:28:25.430Z,AS,,,,,?3,OTHER,"","",,0,0,0,0,""
cmkm5lbgy01hho40sgq0widj4,2026-01-20T05:28:25.426Z,AS,,,,,?,OTHER,"","",,0,0,0,0,""
cmkm5lbgu01hfo40suv1k8wc5,2026-01-20T05:28:25.422Z,AS,,,,,?2(?),OTHER,"","",,0,0,0,0,""
cmkm5lbgq01hdo40sjdwjgnf6,2026-01-20T05:28:25.419Z,AS,,,,,?,OTHER,"","",,0,0,0,0,""
cmkm5lbgn01hbo40sbf3i2721,2026-01-20T05:28:25.415Z,AS,,,,,?4,OTHER,"","",,0,0,0,0,""
cmkm5lbgj01h9o40s6xb2wj9x,2026-01-20T05:28:25.411Z,AS,,,,,?4,OTHER,"","",,0,0,0,0,""
cmkm5lbgf01h7o40sz9dutjl6,2026-01-20T05:28:25.408Z,AS,,,,,?4,OTHER,"","",,0,0,0,0,""
cmkm5lbgb01h5o40sglr0ijog,2026-01-20T05:28:25.404Z,AS,,,,,?4,OTHER,"","",,0,0,0,0,""
cmkm5lbg701h3o40s3vu6b0lf,2026-01-20T05:28:25.399Z,AS,,,,,?4,OTHER,"","",,0,0,0,0,""
cmkm5lbg201h1o40sd0capc23,2026-01-20T05:28:25.395Z,AS,,,,,?4,OTHER,"","",,0,0,0,0,""
cmkm5lbfx01gzo40s1dbc78zi,2026-01-20T05:28:25.390Z,EXCHANGE,,,,,?,OTHER,"","",,0,0,0,0,""
cmkm5lbfu01gxo40smmc46vli,2026-01-20T05:28:25.386Z,AS,,,,,?4,OTHER,"","",,0,0,0,0,""
cmkm5lbfq01gvo40sjjmxiund,2026-01-20T05:28:25.383Z,EXCHANGE,,,,,?1+1,OTHER,"","",,0,0,0,0,""
cmkm5lbfn01gto40stc761k80,2026-01-20T05:28:25.379Z,AS,,,,,?4,OTHER,"","",,0,0,0,0,""
cmkm5lbfj01gro40skook8hfn,2026-01-20T05:28:25.375Z,AS,,,,,?4,OTHER,"","",,0,0,0,0,""
cmkm5lbff01gpo40skb18ngmv,2026-01-20T05:28:25.372Z,AS,,,,,?4,OTHER,"","",,0,0,0,0,""
cmkm5lbfc01gno40szu0zgck9,2026-01-20T05:28:25.368Z,AS,,,,,?4,OTHER,"","",,0,0,0,0,""
cmkm5lbf801glo40srig12oin,2026-01-20T05:28:25.365Z,AS,,,,,?4,OTHER,"","",,0,0,0,0,""
cmkm5lbf401gjo40sfqy3e35m,2026-01-20T05:28:25.361Z,AS,,,,,?4,OTHER,"","",,0,0,0,0,""
cmkm5lbf001gho40sl24qh0yw,2026-01-20T05:28:25.357Z,AS,,,,,?4,OTHER,"","",,0,0,0,0,""
cmkm5lbew01gfo40sumrfds77,2026-01-20T05:28:25.353Z,EXCHANGE,,,,,?1+1,OTHER,"","",,0,0,0,0,""
cmkm5lbet01gdo40sh22wq9x3,2026-01-20T05:28:25.349Z,AS,,,,,?1+1,OTHER,"","",,0,0,0,0,""
cmkm5lbep01gbo40skjq9l4qe,2026-01-20T05:28:25.346Z,AS,,,,,?1+1,OTHER,"","",,0,0,0,0,""
cmkm5lbel01g9o40s0ygafe6g,2026-01-20T05:28:25.342Z,AS,,,,,?4,OTHER,"","",,0,0,0,0,""
cmkm5lbei01g7o40sutyyi5ow,2026-01-20T05:28:25.338Z,AS,,,,,?4,OTHER,"","",,0,0,0,0,""
cmkm5lbed01g5o40six38piqb,2026-01-20T05:28:25.334Z,AS,,,,,?1+1, ??,OTHER,"","",,0,0,0,0,""
cmkm5lbea01g3o40svybflfzf,2026-01-20T05:28:25.330Z,AS,,,,,?4,OTHER,"","",,0,0,0,0,""
cmkm5lbe601g1o40s9meo1owl,2026-01-20T05:28:25.327Z,AS,,,,,?4(?),OTHER,"","",,0,0,0,0,""
cmkm5lbe201fzo40sjfvjrea9,2026-01-20T05:28:25.323Z,AS,,,,,?,OTHER,"","",,0,0,0,0,""
cmkm5lbdz01fxo40sanj5kea1,2026-01-20T05:28:25.319Z,AS,,,,,?4,OTHER,"","",,0,0,0,0,""
cmkm5lbdv01fvo40sspgui0di,2026-01-20T05:28:25.316Z,AS,,,,,?4,OTHER,"","",,0,0,0,0,""
cmkm5lbds01fto40scuop3rdw,2026-01-20T05:28:25.312Z,AS,,,,,?4,OTHER,"","",,0,0,0,0,""
cmkm5lbdo01fro40s6ivt0p8a,2026-01-20T05:28:25.308Z,AS,,,,,?4,OTHER,"","",,0,0,0,0,""
cmkm5lbdk01fpo40st8gbe0bb,2026-01-20T05:28:25.305Z,AS,,,,,?4,OTHER,"","",,0,0,0,0,""
cmkm5lbdh01fno40scmqren5e,2026-01-20T05:28:25.301Z,AS,,,,,?4,OTHER,"","",,0,0,0,0,""
cmkm5lbdd01flo40s1jwp6x9z,2026-01-20T05:28:25.297Z,AS,,,,,?4,OTHER,"","",,0,0,0,0,""
cmkm5lbd901fjo40sgnm914g2,2026-01-20T05:28:25.294Z,AS,,,,,?1+1,OTHER,"","",,0,0,0,0,""
cmkm5lbd601fho40sdaa8ffdm,2026-01-20T05:28:25.290Z,AS,,,,,?4,OTHER,"","",,0,0,0,0,""
cmkm5lbd201ffo40s08cfafx5,2026-01-20T05:28:25.287Z,AS,,,,,?4,OTHER,"","",,0,0,0,0,""
cmkm5lbcy01fdo40sar8pjizy,2026-01-20T05:28:25.283Z,AS,,,,,?4,OTHER,"","",,0,0,0,0,""
cmkm5lbcu01fbo40stlv0981h,2026-01-20T05:28:25.278Z,AS,,,,,?4,OTHER,"","",,0,0,0,0,""
cmkm5lbcq01f9o40s77zrt5wm,2026-01-20T05:28:25.275Z,AS,,,,,?4,OTHER,"","",,0,0,0,0,""
cmkm5lbcn01f7o40scxd9xs6n,2026-01-20T05:28:25.271Z,AS,,,,,?4,OTHER,"","",,0,0,0,0,""
cmkm5lbcj01f5o40shojm6gb3,2026-01-20T05:28:25.268Z,AS,,,,,?1+1,OTHER,"","",,0,0,0,0,""
cmkm5lbcg01f3o40s5i4wslf2,2026-01-20T05:28:25.264Z,AS,,,,,?4,OTHER,"","",,0,0,0,0,""
cmkm5lbcc01f1o40sfgg4emwd,2026-01-20T05:28:25.261Z,AS,,,,,?4,OTHER,"","",,0,0,0,0,""
cmkm5lbc901ezo40slcgfrrhx,2026-01-20T05:28:25.257Z,AS,,,,,?4,OTHER,"","",,0,0,0,0,""
cmkm5lbc501exo40spmo0j92i,2026-01-20T05:28:25.253Z,AS,,,,,?1+1,OTHER,"","",,0,0,0,0,""
cmkm5lbc101evo40sl4x77gm9,2026-01-20T05:28:25.249Z,AS,,,,,?1+1,OTHER,"","",,0,0,0,0,""
cmkm5lbbx01eto40sv5469ckf,2026-01-20T05:28:25.246Z,AS,,,,,?4(?),OTHER,"","",,0,0,0,0,""
cmkm5lbbt01ero40s0c1n2uum,2026-01-20T05:28:25.242Z,AS,,,,,?4,OTHER,"","",,0,0,0,0,""
cmkm5lbbq01epo40s5ks3klue,2026-01-20T05:28:25.238Z,AS,,,,,?4 2ea,OTHER,"","",,0,0,0,0,""
cmkm5lbbm01eno40scxgahu7b,2026-01-20T05:28:25.234Z,AS,,,,,?4,OTHER,"","",,0,0,0,0,""
cmkm5lbbi01elo40spti9f0yy,2026-01-20T05:28:25.231Z,AS,,,,,?4,OTHER,"","",,0,0,0,0,""
cmkm5lbbf01ejo40sv4mmazw3,2026-01-20T05:28:25.227Z,AS,,,,,?4,OTHER,"","",,0,0,0,0,""
cmkm5lbbb01eho40sox7doplu,2026-01-20T05:28:25.223Z,AS,,,,,?4,OTHER,"","",,0,0,0,0,""
cmkm5lbb601efo40suzb0odvr,2026-01-20T05:28:25.218Z,AS,,,,,?4,OTHER,"","",,0,0,0,0,""
cmkm5lbb201edo40s7e2rjn24,2026-01-20T05:28:25.215Z,AS,,,,,?4,OTHER,"","",,0,0,0,0,""
cmkm5lbaz01ebo40s73vkkoxg,2026-01-20T05:28:25.211Z,AS,,,,,?4,OTHER,"","",,0,0,0,0,""
cmkm5lbav01e9o40srh0mm9lx,2026-01-20T05:28:25.208Z,AS,,,,,?4,OTHER,"","",,0,0,0,0,""
cmkm5lbas01e7o40sk9rd3xz3,2026-01-20T05:28:25.204Z,EXCHANGE,,,,,?4,OTHER,"","",,0,0,0,0,""
cmkm5lbao01e5o40saz9p72if,2026-01-20T05:28:25.200Z,AS,,,,,?(?),OTHER,"","",,0,0,0,0,""
cmkm5lbak01e3o40sduzcysy1,2026-01-20T05:28:25.197Z,AS,,,,,?(?),OTHER,"","",,0,0,0,0,""
cmkm5lbag01e1o40s2nmf5n1e,2026-01-20T05:28:25.193Z,AS,,,,,?(?),OTHER,"","",,0,0,0,0,""
cmkm5lbac01dzo40sq1sdh3v2,2026-01-20T05:28:25.189Z,AS,,,,,?4,OTHER,"","",,0,0,0,0,""
cmkm5lba901dxo40sqsl8q3pn,2026-01-20T05:28:25.185Z,AS,,,,,?3,OTHER,"","",,0,0,0,0,""
cmkm5lba501dvo40svm0dov9g,2026-01-20T05:28:25.182Z,AS,,,,,?4,OTHER,"","",,0,0,0,0,""
cmkm5lba101dto40st8rnbpn8,2026-01-20T05:28:25.177Z,AS,,,,,?4,OTHER,"","",,0,0,0,0,""
cmkm5lb9w01dro40spr155fsi,2026-01-20T05:28:25.173Z,AS,,,,,?4,OTHER,"","",,0,0,0,0,""
cmkm5lb9s01dpo40s4jsaqg60,2026-01-20T05:28:25.168Z,IN_PROGRESS,,,,,?4,OTHER,"","",,0,0,0,0,""
cmkm5lb9n01dno40svlx8x62b,2026-01-20T05:28:25.163Z,AS,,,,,?4,OTHER,"","",,0,0,0,0,""
cmkm5lb9j01dlo40s8q7cqlg5,2026-01-20T05:28:25.159Z,AS,,,,,?4,OTHER,"","",,0,0,0,0,""
cmkm5lb9g01djo40s2g31e9r0,2026-01-20T05:28:25.156Z,AS,,,,,?(?),OTHER,"","",,0,0,0,0,""
cmkm5lb9c01dho40shwx05h2g,2026-01-20T05:28:25.152Z,AS,,,,,??,OTHER,"","",,0,0,0,0,""
cmkm5lb9801dfo40su1g0ymna,2026-01-20T05:28:25.149Z,AS,,,,,?4,OTHER,"","",,0,0,0,0,""
cmkm5lb9401ddo40s7iwcsrya,2026-01-20T05:28:25.145Z,AS,,,,,?4,OTHER,"","",,0,0,0,0,""
cmkm5lb9001dbo40sy59weuis,2026-01-20T05:28:25.141Z,AS,,,,,?4 2ea,OTHER,"","",,0,0,0,0,""
cmkm5lb8x01d9o40sa2w5fdnc,2026-01-20T05:28:25.137Z,AS,,,,,?4 2ea,OTHER,"","",,0,0,0,0,""
cmkm5lb8s01d7o40sc6p5ao86,2026-01-20T05:28:25.133Z,AS,,,,,?4,OTHER,"","",,0,0,0,0,""
cmkm5lb8p01d5o40sdtrmwfhu,2026-01-20T05:28:25.129Z,AS,,,,,? 6ea,OTHER,"","",,0,0,0,0,""
cmkm5lb8l01d3o40smrb26nm8,2026-01-20T05:28:25.125Z,AS,,,,,?4,OTHER,"","",,0,0,0,0,""
cmkm5lb8h01d1o40s2evupfd4,2026-01-20T05:28:25.121Z,AS,,,,,?1+1,OTHER,"","",,0,0,0,0,""
cmkm5lb8d01czo40sw0scna1l,2026-01-20T05:28:25.117Z,AS,,,,,?1+1,OTHER,"","",,0,0,0,0,""
cmkm5lb8901cxo40sol1h5d6w,2026-01-20T05:28:25.114Z,AS,,,,,?4,OTHER,"","",,0,0,0,0,""
cmkm5lb8601cvo40sqrbqop4g,2026-01-20T05:28:25.110Z,AS,,,,,?3,OTHER,"","",,0,0,0,0,""
cmkm5lb8201cto40s7zff87ho,2026-01-20T05:28:25.106Z,AS,,,,,?4,OTHER,"","",,0,0,0,0,""
cmkm5lb7y01cro40s694gkytm,2026-01-20T05:28:25.103Z,AS,,,,,??,OTHER,"","",,0,0,0,0,""
cmkm5lb7v01cpo40sljzk68gy,2026-01-20T05:28:25.099Z,AS,,,,,?4,OTHER,"","",,0,0,0,0,""
cmkm5lb7r01cno40saj4zh9m0,2026-01-20T05:28:25.096Z,AS,,,,,?4,OTHER,"","",,0,0,0,0,""
cmkm5lb7o01clo40saugt062f,2026-01-20T05:28:25.092Z,AS,,,,,?4,OTHER,"","",,0,0,0,0,""
cmkm5lb7k01cjo40s4sz9hp6x,2026-01-20T05:28:25.089Z,AS,,,,,?4,OTHER,"","",,0,0,0,0,""
cmkm5lb7h01cho40stq3vllp1,2026-01-20T05:28:25.085Z,AS,,,,,?4,OTHER,"","",,0,0,0,0,""
cmkm5lb7d01cfo40sn4so5e8n,2026-01-20T05:28:25.081Z,AS,,,,,?4,OTHER,"","",,0,0,0,0,""
cmkm5lb7901cdo40sognelocz,2026-01-20T05:28:25.077Z,AS,,,,,?4,OTHER,"","",,0,0,0,0,""
cmkm5lb7501cbo40srh7i1807,2026-01-20T05:28:25.074Z,AS,,,,,?4,OTHER,"","",,0,0,0,0,""
cmkm5lb7001c9o40s6mq0i073,2026-01-20T05:28:25.069Z,AS,,,,,?(?)1+1,OTHER,"","",,0,0,0,0,""
cmkm5lb6x01c7o40sx7bcuvzm,2026-01-20T05:28:25.065Z,AS,,,,,?4,OTHER,"","",,0,0,0,0,""
cmkm5lb6t01c5o40sb5l5e5dg,2026-01-20T05:28:25.062Z,AS,,,,,?4,OTHER,"","",,0,0,0,0,""
cmkm5lb6q01c3o40spwyqkvt3,2026-01-20T05:28:25.058Z,AS,,,,,?4,OTHER,"","",,0,0,0,0,""
cmkm5lb6m01c1o40simnepsqr,2026-01-20T05:28:25.054Z,AS,,,,,?4,OTHER,"","",,0,0,0,0,""
cmkm5lb6i01bzo40svlbuul4n,2026-01-20T05:28:25.050Z,EXCHANGE,,,,,?4,OTHER,"","",,0,0,0,0,""
cmkm5lb6e01bxo40skf6rje5n,2026-01-20T05:28:25.047Z,AS,,,,,?4,OTHER,"","",,0,0,0,0,""
cmkm5lb6b01bvo40sdy9gzrcd,2026-01-20T05:28:25.043Z,AS,,,,,?,OTHER,"","",,0,0,0,0,""
cmkm5lb6701bto40sb410nrev,2026-01-20T05:28:25.039Z,AS,,,,,?4,OTHER,"","",,0,0,0,0,""
cmkm5lb6301bro40s5fr7zovo,2026-01-20T05:28:25.036Z,AS,,,,,?4,OTHER,"","",,0,0,0,0,""
cmkm5lb6001bpo40snxflh1bn,2026-01-20T05:28:25.032Z,AS,,,,,?(?),OTHER,"","",,0,0,0,0,""
cmkm5lb5w01bno40s40xyubug,2026-01-20T05:28:25.028Z,AS,,,,,?3,OTHER,"","",,0,0,0,0,""
cmkm5lb5s01blo40sg98o6v3m,2026-01-20T05:28:25.024Z,AS,,,,,?4,OTHER,"","",,0,0,0,0,""
cmkm5lb5o01bjo40sn9m7o90f,2026-01-20T05:28:25.020Z,AS,,,,,?4,OTHER,"","",,0,0,0,0,""
cmkm5lb5k01bho40sf4m2fyxw,2026-01-20T05:28:25.016Z,AS,,,,,?4,OTHER,"","",,0,0,0,0,""
cmkm5lb5g01bfo40sdsrvei0p,2026-01-20T05:28:25.013Z,AS,,,,,?1+1,OTHER,"","",,0,0,0,0,""
cmkm5lb5d01bdo40s6j2y9uxo,2026-01-20T05:28:25.009Z,AS,,,,,?4,OTHER,"","",,0,0,0,0,""
cmkm5lb5901bbo40s5b3n5289,2026-01-20T05:28:25.005Z,AS,,,,,?4,OTHER,"","",,0,0,0,0,""
cmkm5lb5501b9o40sqcv32now,2026-01-20T05:28:25.002Z,AS,,,,,?(?),OTHER,"","",,0,0,0,0,""
cmkm5lb5101b7o40sfhxuwwpx,2026-01-20T05:28:24.997Z,AS,,,,,?4,OTHER,"","",,0,0,0,0,""
cmkm5lb4x01b5o40skarynmsp,2026-01-20T05:28:24.993Z,AS,,,,,?4,OTHER,"","",,0,0,0,0,""
cmkm5lb4t01b3o40srhrztjid,2026-01-20T05:28:24.990Z,AS,,,,,?4,OTHER,"","",,0,0,0,0,""
cmkm5lb4q01b1o40srtufwzd2,2026-01-20T05:28:24.986Z,AS,,,,,?3,OTHER,"","",,0,0,0,0,""
cmkm5lb4m01azo40ssh468vzi,2026-01-20T05:28:24.982Z,EXCHANGE,,,,,?(?)1+1,OTHER,"","",,0,0,0,0,""
cmkm5lb4i01axo40shvaoo402,2026-01-20T05:28:24.978Z,EXCHANGE,,,,,?(?),OTHER,"","",,0,0,0,0,""
cmkm5lb4e01avo40s0htdo971,2026-01-20T05:28:24.974Z,EXCHANGE,,,,,?(?)1+1,OTHER,"","",,0,0,0,0,""
cmkm5lb4a01ato40sp54pgg0j,2026-01-20T05:28:24.970Z,IN_PROGRESS,,,,,?4,OTHER,"","",,0,0,0,0,""
cmkm5lb4401aro40sowzxq9h9,2026-01-20T05:28:24.964Z,AS,,,,,?(?),OTHER,"","",,0,0,0,0,""
cmkm5lb2m01apo40sz4eoamdx,2026-01-20T05:28:24.910Z,AS,,,,,?,OTHER,"","",,0,0,0,0,""
cmkm5lb2h01ano40sq98hbue6,2026-01-20T05:28:24.905Z,AS,,,,,?4,OTHER,"","",,0,0,0,0,""
cmkm5lb2d01alo40s4aqmk1d5,2026-01-20T05:28:24.901Z,AS,,,,,?4,OTHER,"","",,0,0,0,0,""
cmkm5lb2701ajo40sltp7tasv,2026-01-20T05:28:24.896Z,AS,,,,,?4 2ea,OTHER,"","",,0,0,0,0,""
cmkm5lb2301aho40sf2a4jqlg,2026-01-20T05:28:24.891Z,AS,,,,,?(?)1+1,OTHER,"","",,0,0,0,0,""
cmkm5lb1x01afo40sn4x801zt,2026-01-20T05:28:24.886Z,AS,,,,,?4,OTHER,"","",,0,0,0,0,""
cmkm5lb1r01ado40sum7a7ydc,2026-01-20T05:28:24.879Z,AS,,,,,?2,OTHER,"","",,0,0,0,0,""
cmkm5lb1m01abo40shgnhlcvk,2026-01-20T05:28:24.875Z,AS,,,,,?(?)1+1,OTHER,"","",,0,0,0,0,""
cmkm5lb1h01a9o40sx6kb3ezo,2026-01-20T05:28:24.870Z,EXCHANGE,,,,,?4,OTHER,"","",,0,0,0,0,""
cmkm5lb1d01a7o40snevbdie6,2026-01-20T05:28:24.865Z,AS,,,,,?4,OTHER,"","",,0,0,0,0,""
cmkm5lb1801a5o40sf25dbocr,2026-01-20T05:28:24.861Z,AS,,,,,?4,OTHER,"","",,0,0,0,0,""
cmkm5lb1401a3o40selpxq8xj,2026-01-20T05:28:24.856Z,AS,,,,,?(?),OTHER,"","",,0,0,0,0,""
cmkm5lb0z01a1o40sejs0af4u,2026-01-20T05:28:24.852Z,AS,,,,,?(?)1+1,OTHER,"","",,0,0,0,0,""
cmkm5lb0v019zo40s4xnttjcf,2026-01-20T05:28:24.847Z,AS,,,,,?(?),OTHER,"","",,0,0,0,0,""
cmkm5lb0q019xo40sfvz8ab7n,2026-01-20T05:28:24.842Z,AS,,,,,?3 ??,OTHER,"","",,0,0,0,0,""
cmkm5lb0l019vo40sv7456lc6,2026-01-20T05:28:24.837Z,AS,,,,,?4,OTHER,"","",,0,0,0,0,""
cmkm5lb0g019to40s31z1s6kv,2026-01-20T05:28:24.832Z,EXCHANGE,,,,,?(?)1+1,OTHER,"","",,0,0,0,0,""
cmkm5lb0a019ro40s0ppsp422,2026-01-20T05:28:24.826Z,EXCHANGE,,,,,?4,OTHER,"","",,0,0,0,0,""
cmkm5lb06019po40su3vtthgn,2026-01-20T05:28:24.822Z,AS,,,,,?4,OTHER,"","",,0,0,0,0,""
cmkm5lb01019no40scttxqzx1,2026-01-20T05:28:24.817Z,AS,,,,,?4,OTHER,"","",,0,0,0,0,""
cmkm5lazw019lo40so9lnpia6,2026-01-20T05:28:24.812Z,AS,,,,,?4,OTHER,"","",,0,0,0,0,""
cmkm5lazr019jo40sqpyv4hvi,2026-01-20T05:28:24.807Z,AS,,,,,?4,OTHER,"","",,0,0,0,0,""
cmkm5lazm019ho40ssakl7n5c,2026-01-20T05:28:24.802Z,AS,,,,,?4,OTHER,"","",,0,0,0,0,""
cmkm5lazh019fo40sw830274d,2026-01-20T05:28:24.797Z,AS,,,,,?4,OTHER,"","",,0,0,0,0,""
cmkm5lazb019do40sl3tn0di2,2026-01-20T05:28:24.792Z,IN_PROGRESS,,,,,?(?),OTHER,"","",,0,0,0,0,""
cmkm5laz8019bo40s4q1wkf38,2026-01-20T05:28:24.788Z,AS,,,,,?3,OTHER,"","",,0,0,0,0,""
cmkm5laz30199o40slvbyq8qd,2026-01-20T05:28:24.784Z,AS,,,,,?4,OTHER,"","",,0,0,0,0,""
cmkm5laz00197o40sym238h0a,2026-01-20T05:28:24.780Z,AS,,,,,?(?)1+1,OTHER,"","",,0,0,0,0,""
cmkm5layw0195o40sl8srzuox,2026-01-20T05:28:24.777Z,AS,,,,,?4,OTHER,"","",,0,0,0,0,""
cmkm5layt0193o40s2u4u2ooi,2026-01-20T05:28:24.773Z,AS,,,,,?4,OTHER,"","",,0,0,0,0,""
cmkm5layp0191o40sxd55yc6w,2026-01-20T05:28:24.769Z,AS,,,,,?4,OTHER,"","",,0,0,0,0,""
cmkm5layl018zo40smw7z75w9,2026-01-20T05:28:24.766Z,EXCHANGE,,,,,?(?),OTHER,"","",,0,0,0,0,""
cmkm5layi018xo40str1rhg5u,2026-01-20T05:28:24.762Z,AS,,,,,?4,OTHER,"","",,0,0,0,0,""
cmkm5laye018vo40s3saofosw,2026-01-20T05:28:24.758Z,AS,,,,,?4,OTHER,"","",,0,0,0,0,""
cmkm5laya018to40sc1yya1qd,2026-01-20T05:28:24.755Z,AS,,,,,?4,OTHER,"","",,0,0,0,0,""
cmkm5lay6018ro40slb3mt0i9,2026-01-20T05:28:24.751Z,AS,,,,,?4,OTHER,"","",,0,0,0,0,""
cmkm5lay3018po40sawmeci2e,2026-01-20T05:28:24.747Z,AS,,,,,?(?),OTHER,"","",,0,0,0,0,""
cmkm5laxz018no40s7mzs817b,2026-01-20T05:28:24.744Z,AS,,,,,?4,OTHER,"","",,0,0,0,0,""
cmkm5laxv018lo40s5d1wa4gc,2026-01-20T05:28:24.740Z,EXCHANGE,,,,,?(?),OTHER,"","",,0,0,0,0,""
cmkm5laxr018jo40swtqrdf2u,2026-01-20T05:28:24.736Z,AS,,,,,?4,OTHER,"","",,0,0,0,0,""
cmkm5laxo018ho40sxsw3tlpw,2026-01-20T05:28:24.732Z,AS,,,,,?4,OTHER,"","",,0,0,0,0,""
cmkm5laxk018fo40sv3r6d9c4,2026-01-20T05:28:24.729Z,AS,,,,,?4,OTHER,"","",,0,0,0,0,""
cmkm5laxh018do40ss8lkw0kl,2026-01-20T05:28:24.725Z,AS,,,,,?3,OTHER,"","",,0,0,0,0,""
cmkm5laxc018bo40sootqxyr5,2026-01-20T05:28:24.721Z,AS,,,,,??,OTHER,"","",,0,0,0,0,""
cmkm5lax80189o40sfur89r7g,2026-01-20T05:28:24.717Z,AS,,,,,?4,OTHER,"","",,0,0,0,0,""
cmkm5lax40187o40s2m274gm5,2026-01-20T05:28:24.713Z,AS,,,,,?4,OTHER,"","",,0,0,0,0,""
cmkm5lax10185o40sqsm12clu,2026-01-20T05:28:24.709Z,AS,,,,,?4,OTHER,"","",,0,0,0,0,""
cmkm5lawx0183o40svsos08ug,2026-01-20T05:28:24.705Z,AS,,,,,?4,OTHER,"","",,0,0,0,0,""
cmkm5lawt0181o40sebcd6sxo,2026-01-20T05:28:24.701Z,AS,,,,,?4,OTHER,"","",,0,0,0,0,""
cmkm5lawp017zo40sasta6897,2026-01-20T05:28:24.698Z,AS,,,,,?4,OTHER,"","",,0,0,0,0,""
cmkm5lawm017xo40s2gczz7vg,2026-01-20T05:28:24.694Z,AS,,,,,?(?) 2ea,OTHER,"","",,0,0,0,0,""
cmkm5lawi017vo40shfjogrll,2026-01-20T05:28:24.691Z,AS,,,,,?4,OTHER,"","",,0,0,0,0,""
cmkm5lawe017to40s97kgas6p,2026-01-20T05:28:24.687Z,AS,,,,,?(?),OTHER,"","",,0,0,0,0,""
cmkm5lawa017ro40spfu292pw,2026-01-20T05:28:24.682Z,AS,,,,,?4,OTHER,"","",,0,0,0,0,""
cmkm5law6017po40sn6d89dc3,2026-01-20T05:28:24.679Z,AS,,,,,?(?),OTHER,"","",,0,0,0,0,""
cmkm5law3017no40s207d0sch,2026-01-20T05:28:24.675Z,AS,,,,,?(?),OTHER,"","",,0,0,0,0,""
cmkm5lavz017lo40s4gia3wqw,2026-01-20T05:28:24.671Z,AS,,,,,?4,OTHER,"","",,0,0,0,0,""
cmkm5lavw017jo40sexcmdivc,2026-01-20T05:28:24.668Z,AS,,,,,?4,OTHER,"","",,0,0,0,0,""
cmkm5lavr017ho40s3csmy8d2,2026-01-20T05:28:24.664Z,AS,,,,,?(?),OTHER,"","",,0,0,0,0,""
cmkm5lavn017fo40scd04js87,2026-01-20T05:28:24.660Z,AS,,,,,?4,OTHER,"","",,0,0,0,0,""
cmkm5lavj017do40sukzguyfj,2026-01-20T05:28:24.656Z,AS,,,,,?4,OTHER,"","",,0,0,0,0,""
cmkm5lavf017bo40so18p6hlh,2026-01-20T05:28:24.652Z,AS,,,,,?4,OTHER,"","",,0,0,0,0,""
cmkm5lavc0179o40sk5bps120,2026-01-20T05:28:24.648Z,AS,,,,,?4,OTHER,"","",,0,0,0,0,""
cmkm5lav70177o40spljvbi84,2026-01-20T05:28:24.644Z,AS,,,,,?4,OTHER,"","",,0,0,0,0,""
cmkm5lav30175o40sscjt5ynr,2026-01-20T05:28:24.639Z,AS,,,,,?4,OTHER,"","",,0,0,0,0,""
cmkm5lauz0173o40sw7syu5co,2026-01-20T05:28:24.635Z,AS,,,,,?4,OTHER,"","",,0,0,0,0,""
cmkm5lauv0171o40sqhhaesze,2026-01-20T05:28:24.632Z,AS,,,,,?(?),OTHER,"","",,0,0,0,0,""
cmkm5laur016zo40sd85mx3ru,2026-01-20T05:28:24.628Z,AS,,,,,?4(?),OTHER,"","",,0,0,0,0,""
cmkm5laun016xo40shr9ogkuq,2026-01-20T05:28:24.623Z,AS,,,,,?4,OTHER,"","",,0,0,0,0,""
cmkm5lauj016vo40sywzz67a1,2026-01-20T05:28:24.620Z,AS,,,,,?4(?),OTHER,"","",,0,0,0,0,""
cmkm5lauf016to40sw687d5f1,2026-01-20T05:28:24.616Z,AS,,,,,?4 2ea,OTHER,"","",,0,0,0,0,""
cmkm5laub016ro40sye5gnrz6,2026-01-20T05:28:24.612Z,AS,,,,,?3,OTHER,"","",,0,0,0,0,""
cmkm5lau6016po40sr30ipvyp,2026-01-20T05:28:24.606Z,AS,,,,,?4,OTHER,"","",,0,0,0,0,""
cmkm5lau2016no40sk03iir9g,2026-01-20T05:28:24.602Z,AS,,,,,?4,OTHER,"","",,0,0,0,0,""
cmkm5laty016lo40s4sijfp34,2026-01-20T05:28:24.599Z,AS,,,,,?4,OTHER,"","",,0,0,0,0,""
cmkm5latu016jo40skspsowhl,2026-01-20T05:28:24.595Z,AS,,,,,?4,OTHER,"","",,0,0,0,0,""
cmkm5latq016ho40stgpn39a6,2026-01-20T05:28:24.591Z,EXCHANGE,,,,,?4,OTHER,"","",,0,0,0,0,""
cmkm5latm016fo40sb38zpk1t,2026-01-20T05:28:24.587Z,AS,,,,,?4,OTHER,"","",,0,0,0,0,""
cmkm5lati016do40st9m7sbo7,2026-01-20T05:28:24.583Z,AS,,,,,?(?)1+1,OTHER,"","",,0,0,0,0,""
cmkm5late016bo40s8q6m6hxh,2026-01-20T05:28:24.578Z,AS,,,,,?4,OTHER,"","",,0,0,0,0,""
cmkm5lata0169o40s2jgtdy2z,2026-01-20T05:28:24.574Z,AS,,,,,?3(?),OTHER,"","",,0,0,0,0,""
cmkm5lat60167o40sl3c5rsii,2026-01-20T05:28:24.571Z,AS,,,,,?4,OTHER,"","",,0,0,0,0,""
cmkm5lat20165o40sk4izz4k2,2026-01-20T05:28:24.567Z,AS,,,,,?4,OTHER,"","",,0,0,0,0,""
cmkm5lasx0163o40skuk44akw,2026-01-20T05:28:24.562Z,AS,,,,,?4(?),OTHER,"","",,0,0,0,0,""
cmkm5last0161o40su84rp2ck,2026-01-20T05:28:24.558Z,AS,,,,,?4,OTHER,"","",,0,0,0,0,""
cmkm5lasp015zo40s65vnen7j,2026-01-20T05:28:24.554Z,AS,,,,,?4,OTHER,"","",,0,0,0,0,""
cmkm5lasl015xo40sgf0hd34y,2026-01-20T05:28:24.550Z,AS,,,,,?4,OTHER,"","",,0,0,0,0,""
cmkm5lasi015vo40s3n5qxj2z,2026-01-20T05:28:24.546Z,AS,,,,,?4,OTHER,"","",,0,0,0,0,""
cmkm5lase015to40smksdg2ra,2026-01-20T05:28:24.542Z,AS,,,,,?4,OTHER,"","",,0,0,0,0,""
cmkm5lasa015ro40st3s6tgkh,2026-01-20T05:28:24.538Z,AS,,,,,?(?),OTHER,"","",,0,0,0,0,""
cmkm5las6015po40sna5c6xua,2026-01-20T05:28:24.535Z,EXCHANGE,,,,,?4,OTHER,"","",,0,0,0,0,""
cmkm5las2015no40s5vu20zcd,2026-01-20T05:28:24.530Z,AS,,,,,?4,OTHER,"","",,0,0,0,0,""
cmkm5lary015lo40stq78khph,2026-01-20T05:28:24.526Z,AS,,,,,?3,OTHER,"","",,0,0,0,0,""
cmkm5laru015jo40sx7hxqntp,2026-01-20T05:28:24.522Z,AS,,,,,?2,OTHER,"","",,0,0,0,0,""
cmkm5larq015ho40s4oe92t3v,2026-01-20T05:28:24.518Z,AS,,,,,?4,OTHER,"","",,0,0,0,0,""
cmkm5larl015fo40s7mm1xzkn,2026-01-20T05:28:24.514Z,AS,,,,,?(?),OTHER,"","",,0,0,0,0,""
cmkm5larh015do40slblobivn,2026-01-20T05:28:24.510Z,AS,,,,,?4,OTHER,"","",,0,0,0,0,""
cmkm5lard015bo40syalz4976,2026-01-20T05:28:24.506Z,EXCHANGE,,,,,?4,OTHER,"","",,0,0,0,0,""
cmkm5lar90159o40s06aauco5,2026-01-20T05:28:24.502Z,AS,,,,,?4,OTHER,"","",,0,0,0,0,""
cmkm5lar60157o40sbvinhrhy,2026-01-20T05:28:24.498Z,AS,,,,,?(?)1+1,OTHER,"","",,0,0,0,0,""
cmkm5lar20155o40so01pcdfs,2026-01-20T05:28:24.494Z,AS,,,,,?(?),OTHER,"","",,0,0,0,0,""
cmkm5laqy0153o40sr31l6wy6,2026-01-20T05:28:24.490Z,EXCHANGE,,,,,?4,OTHER,"","",,0,0,0,0,""
cmkm5laqt0151o40sd5bjot0j,2026-01-20T05:28:24.486Z,AS,,,,,?4,OTHER,"","",,0,0,0,0,""
cmkm5laqq014zo40skja08i04,2026-01-20T05:28:24.482Z,AS,,,,,?,OTHER,"","",,0,0,0,0,""
cmkm5laqm014xo40s14ygdwm1,2026-01-20T05:28:24.478Z,AS,,,,,?,OTHER,"","",,0,0,0,0,""
cmkm5laqi014vo40s6fblxtyx,2026-01-20T05:28:24.474Z,AS,,,,,?4,OTHER,"","",,0,0,0,0,""
cmkm5laqe014to40svbb6hcqz,2026-01-20T05:28:24.470Z,AS,,,,,?4,OTHER,"","",,0,0,0,0,""
cmkm5laq9014ro40s08zpyz85,2026-01-20T05:28:24.466Z,AS,,,,,?(?),OTHER,"","",,0,0,0,0,""
cmkm5laq5014po40s1uffvea9,2026-01-20T05:28:24.462Z,AS,,,,,?4,OTHER,"","",,0,0,0,0,""
cmkm5laq1014no40syaocfqxm,2026-01-20T05:28:24.458Z,EXCHANGE,,,,,?(?),OTHER,"","",,0,0,0,0,""
cmkm5lapx014lo40swdx96k71,2026-01-20T05:28:24.454Z,AS,,,,,?4,OTHER,"","",,0,0,0,0,""
cmkm5lapm014ho40su5e3uidm,2026-01-20T05:28:24.442Z,AS,,,,,,OTHER,"","",,0,0,0,0,""
cmkm5i0pw0025o40s1d39vqwj,2026-01-20T05:25:51.524Z,AS,,,,,?,OTHER,"","",,0,0,0,0,""
cmkm5i0pq0023o40si2xpt0j6,2026-01-20T05:25:51.518Z,AS,,,,,?,OTHER,"","",,0,0,0,0,""
cmkm5i0pm0021o40s3oulh9c9,2026-01-20T05:25:51.515Z,AS,,,,,?,OTHER,"","",,0,0,0,0,""
cmkm5i0ph001zo40sdjhtyeid,2026-01-20T05:25:51.509Z,AS,,,,,?,OTHER,"","",,0,0,0,0,""
cmkm5i0pb001xo40smo4puf0y,2026-01-20T05:25:51.503Z,IN_PROGRESS,,,,,?,OTHER,"","",,0,0,0,0,""
cmkm5i0p4001vo40sil7q0g9d,2026-01-20T05:25:51.497Z,AS,,,,,????,OTHER,"","",,0,0,0,0,""